email, senha
0.42639256867672615@mail.com,user123           
0.7275307010455256@mail.com,user123            
0.1938271242556281@mail.com,user123            
0.3441608703799712@mail.com,user123            
0.15445357905438503@mail.com,user123           
0.8596048551574977@mail.com,user123            
0.4128647748998894@mail.com,user123            
0.8742673316812626@mail.com,user123            
0.7126363748682446@mail.com,user123            
0.19691245462547327@mail.com,user123           